code,population
N00_000," 126,146,099 "
N01_000," 5,224,614 "
N01_100," 1,973,395 "
N01_101," 248,680 "
N01_102," 289,323 "
N01_103," 265,379 "
N01_104," 211,835 "
N01_105," 225,298 "
N01_106," 135,777 "
N01_107," 217,040 "
N01_108," 125,083 "
N01_109," 142,625 "
N01_110," 112,355 "
N01_202," 251,084 "
N01_203," 111,299 "
N01_204," 329,306 "
N01_205," 82,383 "
N01_206," 165,077 "
N01_207," 166,536 "
N01_208," 115,480 "
N01_209," 7,334 "
N01_210," 79,306 "
N01_211," 35,759 "
N01_212," 20,114 "
N01_213," 170,113 "
N01_214," 33,563 "
N01_215," 20,413 "
N01_216," 12,555 "
N01_217," 121,056 "
N01_218," 9,698 "
N01_219," 21,215 "
N01_220," 17,858 "
N01_221," 27,282 "
N01_222," 8,040 "
N01_223," 24,636 "
N01_224," 97,950 "
N01_225," 39,490 "
N01_226," 16,486 "
N01_227," 2,989 "
N01_228," 20,039 "
N01_229," 21,131 "
N01_230," 46,391 "
N01_231," 70,331 "
N01_233," 32,826 "
N01_234," 58,171 "
N01_235," 56,869 "
N01_236," 44,302 "
N01_303," 15,916 "
N01_304," 3,044 "
N01_331," 6,260 "
N01_332," 3,794 "
N01_333," 4,167 "
N01_334," 3,832 "
N01_337," 27,686 "
N01_343," 3,760 "
N01_345," 14,338 "
N01_346," 15,826 "
N01_347," 5,109 "
N01_361," 7,428 "
N01_362," 4,306 "
N01_363," 3,592 "
N01_364," 3,403 "
N01_367," 2,410 "
N01_370," 5,072 "
N01_371," 7,398 "
N01_391," 1,356 "
N01_392," 2,838 "
N01_393," 2,791 "
N01_394," 4,568 "
N01_395," 5,074 "
N01_396," 2,045 "
N01_397," 1,911 "
N01_398," 2,156 "
N01_399," 2,941 "
N01_400," 15,129 "
N01_401," 5,772 "
N01_402," 11,648 "
N01_403," 1,569 "
N01_404, 870 
N01_405," 1,831 "
N01_406," 2,745 "
N01_407," 3,180 "
N01_408," 18,000 "
N01_409," 1,165 "
N01_423," 7,319 "
N01_424," 5,120 "
N01_425," 2,841 "
N01_427," 4,822 "
N01_428," 10,289 "
N01_429," 11,272 "
N01_430," 3,691 "
N01_431," 1,732 "
N01_432," 6,484 "
N01_433," 2,693 "
N01_434," 2,329 "
N01_436," 2,389 "
N01_437," 1,724 "
N01_438," 2,909 "
N01_452," 6,567 "
N01_453," 10,127 "
N01_454," 6,319 "
N01_455," 3,520 "
N01_456," 2,605 "
N01_457," 3,500 "
N01_458," 8,314 "
N01_459," 9,668 "
N01_460," 10,348 "
N01_461," 4,733 "
N01_462," 2,376 "
N01_463," 1,306 "
N01_464," 3,192 "
N01_465," 2,926 "
N01_468," 3,126 "
N01_469," 4,145 "
N01_470, 706 
N01_471," 1,528 "
N01_472," 1,370 "
N01_481," 3,908 "
N01_482," 2,994 "
N01_483," 2,936 "
N01_484," 6,548 "
N01_485," 1,080 "
N01_486," 2,520 "
N01_487," 2,950 "
N01_511," 2,611 "
N01_512," 3,448 "
N01_513," 1,637 "
N01_514," 7,565 "
N01_516," 3,974 "
N01_517," 2,509 "
N01_518," 2,004 "
N01_519," 2,458 "
N01_520," 2,371 "
N01_543," 18,697 "
N01_544," 4,373 "
N01_545," 11,418 "
N01_546," 3,883 "
N01_547," 4,623 "
N01_549," 4,677 "
N01_550," 2,775 "
N01_552," 4,875 "
N01_555," 19,241 "
N01_559," 8,270 "
N01_560," 2,421 "
N01_561," 3,628 "
N01_562," 1,053 "
N01_563," 4,199 "
N01_564," 6,775 "
N01_571," 3,821 "
N01_575," 2,743 "
N01_578," 16,212 "
N01_581," 4,432 "
N01_584," 8,442 "
N01_585," 7,340 "
N01_586," 7,651 "
N01_601," 11,279 "
N01_602," 4,776 "
N01_604," 5,309 "
N01_607," 12,074 "
N01_608," 4,043 "
N01_609," 4,374 "
N01_610," 21,517 "
N01_631," 43,576 "
N01_632," 5,848 "
N01_633," 4,778 "
N01_634," 5,266 "
N01_635," 5,817 "
N01_636," 9,094 "
N01_637," 18,048 "
N01_638," 3,884 "
N01_639," 3,080 "
N01_641," 5,420 "
N01_642," 6,387 "
N01_643," 25,766 "
N01_644," 6,294 "
N01_645," 3,022 "
N01_646," 6,618 "
N01_647," 6,563 "
N01_648," 2,264 "
N01_649," 4,387 "
N01_661," 19,105 "
N01_662," 8,892 "
N01_663," 5,507 "
N01_664," 7,230 "
N01_665," 6,955 "
N01_667," 2,558 "
N01_668," 7,289 "
N01_691," 14,380 "
N01_692," 23,010 "
N01_693," 5,023 "
N01_694," 4,722 "
N02_000," 1,237,984 "
N02_201," 275,192 "
N02_202," 168,466 "
N02_203," 223,415 "
N02_204," 31,946 "
N02_205," 51,415 "
N02_206," 60,378 "
N02_207," 39,152 "
N02_208," 54,103 "
N02_209," 30,934 "
N02_210," 30,567 "
N02_301," 10,126 "
N02_303," 2,334 "
N02_304," 2,540 "
N02_307," 5,401 "
N02_321," 9,044 "
N02_323," 7,346 "
N02_343," 1,265 "
N02_361," 14,573 "
N02_362," 8,665 "
N02_367," 7,326 "
N02_381," 12,700 "
N02_384," 12,074 "
N02_387," 9,657 "
N02_401," 12,374 "
N02_402," 14,556 "
N02_405," 10,447 "
N02_406," 4,229 "
N02_408," 16,428 "
N02_411," 10,367 "
N02_412," 24,273 "
N02_423," 4,718 "
N02_424," 5,955 "
N02_425," 1,636 "
N02_426," 1,788 "
N02_441," 9,082 "
N02_442," 16,042 "
N02_443," 4,968 "
N02_445," 16,809 "
N02_446," 13,496 "
N02_450," 2,197 "
N03_000," 1,210,534 "
N03_201," 289,731 "
N03_202," 50,369 "
N03_203," 34,728 "
N03_205," 93,193 "
N03_206," 93,045 "
N03_207," 33,043 "
N03_208," 25,366 "
N03_209," 111,932 "
N03_210," 18,262 "
N03_211," 32,078 "
N03_213," 25,513 "
N03_214," 24,023 "
N03_215," 112,937 "
N03_216," 55,579 "
N03_301," 15,731 "
N03_302," 5,634 "
N03_303," 12,285 "
N03_321," 32,147 "
N03_322," 28,056 "
N03_366," 5,134 "
N03_381," 15,535 "
N03_402," 7,252 "
N03_441," 5,045 "
N03_461," 11,004 "
N03_482," 14,320 "
N03_483," 8,726 "
N03_484," 3,059 "
N03_485," 2,487 "
N03_501," 8,421 "
N03_503," 3,936 "
N03_506," 5,378 "
N03_507," 15,091 "
N03_524," 11,494 "
N04_000," 2,301,996 "
N04_100," 1,096,704 "
N04_101," 311,590 "
N04_102," 196,732 "
N04_103," 141,475 "
N04_104," 234,758 "
N04_105," 212,149 "
N04_202," 140,151 "
N04_203," 52,203 "
N04_205," 61,147 "
N04_206," 32,758 "
N04_207," 78,718 "
N04_208," 27,976 "
N04_209," 62,827 "
N04_211," 44,068 "
N04_212," 76,037 "
N04_213," 64,637 "
N04_214," 39,098 "
N04_215," 127,330 "
N04_216," 51,651 "
N04_301," 11,418 "
N04_302," 1,262 "
N04_321," 23,571 "
N04_322," 10,666 "
N04_323," 38,271 "
N04_324," 8,345 "
N04_341," 12,262 "
N04_361," 33,087 "
N04_362," 12,046 "
N04_401," 13,323 "
N04_404," 18,132 "
N04_406," 35,182 "
N04_421," 28,786 "
N04_422," 7,813 "
N04_424," 5,849 "
N04_444," 6,698 "
N04_445," 21,943 "
N04_501," 15,388 "
N04_505," 23,994 "
N04_581," 6,430 "
N04_606," 12,225 "
N05_000," 959,502 "
N05_201," 307,672 "
N05_202," 49,968 "
N05_203," 85,555 "
N05_204," 69,237 "
N05_206," 25,154 "
N05_207," 42,091 "
N05_209," 29,088 "
N05_210," 74,707 "
N05_211," 31,720 "
N05_212," 77,657 "
N05_213," 30,198 "
N05_214," 23,435 "
N05_215," 24,610 "
N05_303," 4,780 "
N05_327," 2,063 "
N05_346," 2,896 "
N05_348," 15,254 "
N05_349," 6,577 "
N05_361," 8,538 "
N05_363," 5,583 "
N05_366," 4,566 "
N05_368," 3,011 "
N05_434," 18,613 "
N05_463," 13,825 "
N05_464," 2,704 "
N06_000," 1,068,027 "
N06_201," 247,590 "
N06_202," 81,252 "
N06_203," 122,347 "
N06_204," 100,273 "
N06_205," 34,432 "
N06_206," 40,189 "
N06_207," 29,110 "
N06_208," 22,516 "
N06_209," 26,543 "
N06_210," 62,140 "
N06_211," 47,682 "
N06_212," 14,971 "
N06_213," 30,420 "
N06_301," 13,725 "
N06_302," 10,746 "
N06_321," 17,641 "
N06_322," 4,956 "
N06_323," 6,366 "
N06_324," 7,646 "
N06_341," 6,577 "
N06_361," 5,071 "
N06_362," 8,080 "
N06_363," 5,007 "
N06_364," 7,203 "
N06_365," 3,028 "
N06_366," 3,902 "
N06_367," 4,199 "
N06_381," 22,463 "
N06_382," 14,558 "
N06_401," 7,107 "
N06_402," 12,890 "
N06_403," 6,613 "
N06_426," 7,601 "
N06_428," 20,151 "
N06_461," 13,032 "
N07_000," 1,833,152 "
N07_201," 282,693 "
N07_202," 117,376 "
N07_203," 327,692 "
N07_204," 332,931 "
N07_205," 59,491 "
N07_207," 74,992 "
N07_208," 44,760 "
N07_209," 34,865 "
N07_210," 53,557 "
N07_211," 35,169 "
N07_212," 59,005 "
N07_213," 58,240 "
N07_214," 30,236 "
N07_301," 11,459 "
N07_303," 8,639 "
N07_308," 12,170 "
N07_322," 8,900 "
N07_342," 12,318 "
N07_344," 5,194 "
N07_362," 5,264 "
N07_364, 504 
N07_367," 4,044 "
N07_368," 14,451 "
N07_402," 2,556 "
N07_405," 5,770 "
N07_407," 3,322 "
N07_408," 13,552 "
N07_421," 15,068 "
N07_422," 3,081 "
N07_423," 3,081 "
N07_444," 1,452 "
N07_445," 1,862 "
N07_446," 1,246 "
N07_447," 19,014 "
N07_461," 20,808 "
N07_464," 6,213 "
N07_465," 4,885 "
N07_466," 17,287 "
N07_481," 13,343 "
N07_482," 5,392 "
N07_483," 8,302 "
N07_484," 3,049 "
N07_501," 14,644 "
N07_502," 6,392 "
N07_503," 5,826 "
N07_504," 6,036 "
N07_505," 4,825 "
N07_521," 17,018 "
N07_522," 9,471 "
N07_541," 5,412 "
N07_542," 3,710 "
N07_543," 2,128 "
N07_544," 2,044 "
N07_545, 847 
N07_546,-
N07_547," 1,923 "
N07_548, 420 
N07_561," 7,905 "
N07_564," 1,318 "
N08_000," 2,867,009 "
N08_201," 270,685 "
N08_202," 174,508 "
N08_203," 142,074 "
N08_204," 139,344 "
N08_205," 73,061 "
N08_207," 50,645 "
N08_208," 76,420 "
N08_210," 42,521 "
N08_211," 60,834 "
N08_212," 48,602 "
N08_214," 27,699 "
N08_215," 41,801 "
N08_216," 73,173 "
N08_217," 104,524 "
N08_219," 84,651 "
N08_220," 241,656 "
N08_221," 156,581 "
N08_222," 66,950 "
N08_223," 27,604 "
N08_224," 68,421 "
N08_225," 39,267 "
N08_226," 53,502 "
N08_227," 100,753 "
N08_228," 52,265 "
N08_229," 39,039 "
N08_230," 40,087 "
N08_231," 39,122 "
N08_232," 95,454 "
N08_233," 32,185 "
N08_234," 45,953 "
N08_235," 49,872 "
N08_236," 48,870 "
N08_302," 31,401 "
N08_309," 15,715 "
N08_310," 18,097 "
N08_341," 37,891 "
N08_364," 15,736 "
N08_442," 14,602 "
N08_443," 48,553 "
N08_447," 8,231 "
N08_521," 21,026 "
N08_542," 8,093 "
N08_546," 24,201 "
N08_564," 15,340 "
N09_000," 1,933,146 "
N09_201," 518,757 "
N09_202," 144,746 "
N09_203," 155,549 "
N09_204," 116,228 "
N09_205," 94,033 "
N09_206," 77,661 "
N09_208," 166,666 "
N09_209," 78,190 "
N09_210," 72,087 "
N09_211," 31,165 "
N09_213," 115,210 "
N09_214," 44,513 "
N09_215," 24,875 "
N09_216," 59,507 "
N09_301," 30,806 "
N09_342," 21,898 "
N09_343," 11,891 "
N09_344," 11,262 "
N09_345," 14,961 "
N09_361," 39,474 "
N09_364," 24,913 "
N09_384," 10,354 "
N09_386," 29,229 "
N09_407," 23,956 "
N09_411," 15,215 "
N10_000," 1,939,110 "
N10_201," 332,149 "
N10_202," 372,973 "
N10_203," 106,445 "
N10_204," 211,850 "
N10_205," 223,014 "
N10_206," 45,337 "
N10_207," 75,309 "
N10_208," 74,581 "
N10_209," 63,261 "
N10_210," 47,446 "
N10_211," 54,907 "
N10_212," 49,648 "
N10_344," 14,216 "
N10_345," 21,792 "
N10_366," 1,128 "
N10_367," 1,645 "
N10_382," 6,576 "
N10_383," 1,611 "
N10_384," 12,491 "
N10_421," 15,386 "
N10_424," 5,095 "
N10_425," 8,850 "
N10_426," 6,049 "
N10_428," 3,511 "
N10_429," 12,728 "
N10_443," 3,993 "
N10_444," 3,480 "
N10_448," 6,953 "
N10_449," 17,195 "
N10_464," 36,054 "
N10_521," 14,083 "
N10_522," 10,882 "
N10_523," 10,861 "
N10_524," 42,089 "
N10_525," 25,522 "
N11_000," 7,344,765 "
N11_100," 1,324,025 "
N11_101," 93,499 "
N11_102," 149,242 "
N11_103," 117,784 "
N11_104," 165,049 "
N11_105," 103,269 "
N11_106," 98,661 "
N11_107," 164,822 "
N11_108," 191,563 "
N11_109," 128,321 "
N11_110," 111,815 "
N11_201," 354,571 "
N11_202," 194,415 "
N11_203," 594,274 "
N11_206," 78,617 "
N11_207," 59,674 "
N11_208," 342,464 "
N11_209," 80,361 "
N11_210," 111,623 "
N11_211," 78,569 "
N11_212," 91,791 "
N11_214," 229,792 "
N11_215," 148,699 "
N11_216," 52,862 "
N11_217," 116,828 "
N11_218," 141,268 "
N11_219," 226,940 "
N11_221," 248,304 "
N11_222," 341,621 "
N11_223," 74,283 "
N11_224," 140,899 "
N11_225," 145,651 "
N11_227," 141,083 "
N11_228," 75,346 "
N11_229," 83,989 "
N11_230," 166,017 "
N11_231," 74,748 "
N11_232," 150,582 "
N11_233," 65,201 "
N11_234," 93,363 "
N11_235," 111,859 "
N11_237," 142,145 "
N11_238," 61,499 "
N11_239," 100,275 "
N11_240," 50,066 "
N11_241," 70,117 "
N11_242," 54,571 "
N11_243," 71,979 "
N11_245," 113,597 "
N11_246," 52,214 "
N11_301," 44,841 "
N11_324," 38,434 "
N11_326," 35,366 "
N11_327," 11,029 "
N11_341," 19,732 "
N11_342," 17,889 "
N11_343," 28,524 "
N11_346," 19,378 "
N11_347," 18,192 "
N11_348," 13,560 "
N11_349," 10,540 "
N11_361," 7,979 "
N11_362," 9,302 "
N11_363," 6,807 "
N11_365," 10,928 "
N11_369," 2,709 "
N11_381," 11,039 "
N11_383," 13,359 "
N11_385," 30,343 "
N11_408," 32,374 "
N11_442," 34,147 "
N11_464," 43,845 "
N11_465," 28,266 "
N12_000," 6,284,480 "
N12_100," 974,951 "
N12_101," 211,736 "
N12_102," 177,328 "
N12_103," 160,582 "
N12_104," 146,940 "
N12_105," 129,421 "
N12_106," 148,944 "
N12_202," 58,431 "
N12_203," 496,676 "
N12_204," 642,907 "
N12_205," 45,153 "
N12_206," 136,166 "
N12_207," 498,232 "
N12_208," 152,638 "
N12_210," 86,782 "
N12_211," 132,906 "
N12_212," 168,743 "
N12_213," 58,219 "
N12_215," 63,745 "
N12_216," 176,197 "
N12_217," 426,468 "
N12_218," 16,927 "
N12_219," 269,524 "
N12_220," 199,849 "
N12_221," 199,498 "
N12_222," 130,510 "
N12_223," 32,116 "
N12_224," 109,932 "
N12_225," 82,206 "
N12_226," 42,465 "
N12_227," 171,362 "
N12_228," 93,576 "
N12_229," 63,883 "
N12_230," 67,455 "
N12_231," 102,609 "
N12_232," 62,441 "
N12_233," 49,735 "
N12_234," 35,831 "
N12_235," 35,040 "
N12_236," 72,356 "
N12_237," 48,444 "
N12_238," 35,544 "
N12_239," 48,129 "
N12_322," 20,745 "
N12_329," 20,127 "
N12_342," 5,816 "
N12_347," 13,735 "
N12_349," 13,228 "
N12_403," 14,639 "
N12_409," 7,033 "
N12_410," 22,075 "
N12_421," 11,897 "
N12_422," 6,760 "
N12_423," 13,803 "
N12_424," 10,305 "
N12_426," 6,721 "
N12_427," 7,198 "
N12_441," 8,885 "
N12_443," 6,874 "
N12_463," 6,993 "
N13_000," 14,047,594 "
N13_100," 9,733,276 "
N13_101," 66,680 "
N13_102," 169,179 "
N13_103," 260,486 "
N13_104," 349,385 "
N13_105," 240,069 "
N13_106," 211,444 "
N13_107," 272,085 "
N13_108," 524,310 "
N13_109," 422,488 "
N13_110," 288,088 "
N13_111," 748,081 "
N13_112," 943,664 "
N13_113," 243,883 "
N13_114," 344,880 "
N13_115," 591,108 "
N13_116," 301,599 "
N13_117," 355,213 "
N13_118," 217,475 "
N13_119," 584,483 "
N13_120," 752,608 "
N13_121," 695,043 "
N13_122," 453,093 "
N13_123," 697,932 "
N13_201," 579,355 "
N13_202," 183,581 "
N13_203," 150,149 "
N13_204," 195,391 "
N13_205," 133,535 "
N13_206," 262,790 "
N13_207," 113,949 "
N13_208," 242,614 "
N13_209," 431,079 "
N13_210," 126,074 "
N13_211," 198,739 "
N13_212," 190,435 "
N13_213," 151,815 "
N13_214," 129,242 "
N13_215," 77,130 "
N13_218," 56,414 "
N13_219," 84,772 "
N13_220," 83,901 "
N13_221," 76,208 "
N13_222," 115,271 "
N13_223," 70,829 "
N13_224," 146,951 "
N13_225," 93,151 "
N13_227," 54,326 "
N13_228," 79,292 "
N13_229," 207,388 "
N13_303," 31,765 "
N13_305," 16,958 "
N13_307," 2,003 "
N13_308," 4,750 "
N13_361," 7,102 "
N13_362, 327 
N13_363," 2,441 "
N13_364," 1,855 "
N13_381," 2,273 "
N13_382, 323 
N13_401," 7,042 "
N13_402, 169 
N13_421," 2,929 "
N14_000," 9,237,337 "
N14_100," 3,777,491 "
N14_101," 297,437 "
N14_102," 247,267 "
N14_103," 104,935 "
N14_104," 151,388 "
N14_105," 198,157 "
N14_106," 207,811 "
N14_107," 166,731 "
N14_108," 198,939 "
N14_109," 358,530 "
N14_110," 283,709 "
N14_111," 215,248 "
N14_112," 245,174 "
N14_113," 183,082 "
N14_114," 122,623 "
N14_115," 120,194 "
N14_116," 152,378 "
N14_117," 310,756 "
N14_118," 213,132 "
N14_130," 1,538,262 "
N14_131," 232,965 "
N14_132," 171,119 "
N14_133," 263,683 "
N14_134," 234,328 "
N14_135," 221,734 "
N14_136," 233,728 "
N14_137," 180,705 "
N14_150," 725,493 "
N14_151," 170,207 "
N14_152," 273,875 "
N14_153," 281,411 "
N14_201," 388,078 "
N14_203," 258,422 "
N14_204," 172,710 "
N14_205," 436,905 "
N14_206," 188,856 "
N14_207," 242,389 "
N14_208," 57,060 "
N14_210," 42,069 "
N14_211," 162,439 "
N14_212," 223,705 "
N14_213," 239,169 "
N14_214," 101,780 "
N14_215," 136,516 "
N14_216," 132,325 "
N14_217," 40,841 "
N14_218," 83,913 "
N14_301," 31,665 "
N14_321," 48,348 "
N14_341," 31,634 "
N14_342," 27,564 "
N14_361," 9,300 "
N14_362," 17,129 "
N14_363," 10,836 "
N14_364," 9,761 "
N14_366," 18,329 "
N14_382," 11,293 "
N14_383," 6,722 "
N14_384," 23,426 "
N14_401," 39,869 "
N14_402," 3,038 "
N15_000," 2,201,272 "
N15_100," 789,275 "
N15_101," 72,804 "
N15_102," 134,446 "
N15_103," 180,345 "
N15_104," 67,972 "
N15_105," 75,069 "
N15_106," 43,437 "
N15_107," 160,656 "
N15_108," 54,546 "
N15_202," 266,936 "
N15_204," 94,642 "
N15_205," 81,526 "
N15_206," 94,927 "
N15_208," 34,096 "
N15_209," 25,441 "
N15_210," 49,820 "
N15_211," 39,237 "
N15_212," 57,418 "
N15_213," 77,201 "
N15_216," 40,765 "
N15_217," 30,383 "
N15_218," 47,625 "
N15_222," 188,047 "
N15_223," 40,696 "
N15_224," 51,492 "
N15_225," 34,483 "
N15_226," 54,851 "
N15_227," 28,509 "
N15_307," 14,259 "
N15_342," 7,705 "
N15_361," 11,227 "
N15_385," 9,965 "
N15_405," 4,113 "
N15_461," 7,767 "
N15_482," 8,989 "
N15_504," 4,380 "
N15_581," 5,144 "
N15_586, 353 
N16_000," 1,034,814 "
N16_201," 413,938 "
N16_202," 166,393 "
N16_204," 40,535 "
N16_205," 43,950 "
N16_206," 32,349 "
N16_207," 39,638 "
N16_208," 48,154 "
N16_209," 28,983 "
N16_210," 47,937 "
N16_211," 90,742 "
N16_321," 3,132 "
N16_322," 19,351 "
N16_323," 24,792 "
N16_342," 23,839 "
N16_343," 11,081 "
N17_000," 1,132,526 "
N17_201," 463,254 "
N17_202," 50,300 "
N17_203," 106,216 "
N17_204," 24,608 "
N17_205," 12,929 "
N17_206," 63,220 "
N17_207," 20,407 "
N17_209," 34,889 "
N17_210," 110,408 "
N17_211," 48,523 "
N17_212," 57,238 "
N17_324," 6,135 "
N17_361," 36,957 "
N17_365," 26,574 "
N17_384," 18,630 "
N17_386," 12,121 "
N17_407," 16,540 "
N17_461," 7,890 "
N17_463," 15,687 "
N18_000," 766,863 "
N18_201," 262,328 "
N18_202," 64,264 "
N18_204," 28,991 "
N18_205," 31,286 "
N18_206," 22,150 "
N18_207," 68,302 "
N18_208," 27,524 "
N18_209," 80,611 "
N18_210," 88,481 "
N18_322," 18,965 "
N18_382," 2,423 "
N18_404," 10,002 "
N18_423," 20,118 "
N18_442," 9,179 "
N18_481," 10,326 "
N18_483," 7,910 "
N18_501," 14,003 "
N19_000," 809,974 "
N19_201," 189,591 "
N19_202," 46,530 "
N19_204," 31,016 "
N19_205," 33,435 "
N19_206," 22,512 "
N19_207," 29,067 "
N19_208," 69,459 "
N19_209," 44,053 "
N19_210," 75,313 "
N19_211," 66,947 "
N19_212," 22,669 "
N19_213," 29,237 "
N19_214," 31,216 "
N19_346," 14,700 "
N19_364," 1,098 "
N19_365," 10,663 "
N19_366," 7,156 "
N19_368," 14,219 "
N19_384," 20,909 "
N19_422," 1,607 "
N19_423," 4,041 "
N19_424," 9,237 "
N19_425," 5,179 "
N19_429," 2,824 "
N19_430," 26,082 "
N19_442, 684 
N19_443, 530 
N20_000," 2,048,011 "
N20_201," 372,760 "
N20_202," 241,145 "
N20_203," 154,055 "
N20_204," 47,790 "
N20_205," 98,164 "
N20_206," 48,729 "
N20_207," 49,559 "
N20_208," 40,991 "
N20_209," 66,125 "
N20_210," 32,202 "
N20_211," 42,338 "
N20_212," 26,029 "
N20_213," 19,539 "
N20_214," 56,400 "
N20_215," 67,241 "
N20_217," 98,199 "
N20_218," 58,852 "
N20_219," 30,122 "
N20_220," 94,222 "
N20_303," 4,353 "
N20_304," 4,344 "
N20_305," 3,242 "
N20_306, 962 
N20_307, 752 
N20_309," 10,218 "
N20_321," 19,188 "
N20_323," 15,555 "
N20_324," 6,612 "
N20_349," 4,121 "
N20_350," 5,600 "
N20_361," 19,155 "
N20_362," 14,084 "
N20_363," 7,680 "
N20_382," 18,555 "
N20_383," 24,989 "
N20_384," 9,004 "
N20_385," 15,797 "
N20_386," 4,651 "
N20_388," 8,569 "
N20_402," 12,530 "
N20_403," 12,811 "
N20_404," 4,299 "
N20_407," 6,068 "
N20_409, 387 
N20_410, 852 
N20_411," 3,545 "
N20_412, 548 
N20_413," 1,178 "
N20_414," 1,542 "
N20_415," 5,973 "
N20_416," 6,426 "
N20_417," 1,023 "
N20_422," 4,131 "
N20_423," 3,915 "
N20_425," 2,692 "
N20_429, 715 
N20_430," 3,439 "
N20_432," 10,584 "
N20_446," 2,593 "
N20_448," 1,639 "
N20_450," 8,400 "
N20_451," 4,279 "
N20_452," 4,149 "
N20_481," 9,382 "
N20_482," 9,599 "
N20_485," 8,575 "
N20_486," 2,647 "
N20_521," 14,004 "
N20_541," 10,660 "
N20_543," 6,617 "
N20_561," 11,352 "
N20_562," 4,375 "
N20_563," 3,279 "
N20_583," 7,739 "
N20_588," 2,215 "
N20_590," 10,296 "
N20_602," 1,660 "
N21_000," 1,978,742 "
N21_201," 402,557 "
N21_202," 158,286 "
N21_203," 84,419 "
N21_204," 106,732 "
N21_205," 85,283 "
N21_206," 76,570 "
N21_207," 19,247 "
N21_208," 37,150 "
N21_209," 65,649 "
N21_210," 47,774 "
N21_211," 56,689 "
N21_212," 55,348 "
N21_213," 144,521 "
N21_214," 99,968 "
N21_215," 25,280 "
N21_216," 56,388 "
N21_217," 22,538 "
N21_218," 32,928 "
N21_219," 38,997 "
N21_220," 30,428 "
N21_221," 32,735 "
N21_302," 25,881 "
N21_303," 22,208 "
N21_341," 26,882 "
N21_361," 26,402 "
N21_362," 6,610 "
N21_381," 18,585 "
N21_382," 9,654 "
N21_383," 14,355 "
N21_401," 19,529 "
N21_403," 22,041 "
N21_404," 23,360 "
N21_421," 18,139 "
N21_501," 8,071 "
N21_502," 5,626 "
N21_503," 9,860 "
N21_504," 3,402 "
N21_505," 10,195 "
N21_506," 7,412 "
N21_507," 2,016 "
N21_521," 17,516 "
N21_604," 1,511 "
N22_000," 3,633,202 "
N22_100," 693,389 "
N22_101," 249,297 "
N22_102," 213,026 "
N22_103," 231,066 "
N22_130," 790,718 "
N22_131," 235,240 "
N22_132," 129,356 "
N22_133," 108,160 "
N22_134," 99,769 "
N22_135," 92,688 "
N22_136," 98,779 "
N22_137," 26,726 "
N22_203," 189,386 "
N22_205," 34,208 "
N22_206," 107,783 "
N22_207," 128,105 "
N22_208," 65,491 "
N22_209," 95,719 "
N22_210," 245,392 "
N22_211," 166,672 "
N22_212," 136,845 "
N22_213," 114,954 "
N22_214," 141,342 "
N22_215," 86,614 "
N22_216," 87,864 "
N22_219," 20,183 "
N22_220," 50,911 "
N22_221," 57,885 "
N22_222," 28,190 "
N22_223," 31,103 "
N22_224," 47,789 "
N22_225," 46,804 "
N22_226," 43,502 "
N22_301," 11,488 "
N22_302," 6,870 "
N22_304," 7,877 "
N22_305," 6,038 "
N22_306," 7,090 "
N22_325," 36,794 "
N22_341," 31,710 "
N22_342," 43,336 "
N22_344," 18,568 "
N22_424," 28,919 "
N22_429," 6,206 "
N22_461," 17,457 "
N23_000," 7,542,415 "
N23_100," 2,332,176 "
N23_101," 165,245 "
N23_102," 84,392 "
N23_103," 162,956 "
N23_104," 151,082 "
N23_105," 138,599 "
N23_106," 93,100 "
N23_107," 107,599 "
N23_108," 108,332 "
N23_109," 66,957 "
N23_110," 220,728 "
N23_111," 143,715 "
N23_112," 134,510 "
N23_113," 176,587 "
N23_114," 248,802 "
N23_115," 164,755 "
N23_116," 164,817 "
N23_201," 371,920 "
N23_202," 384,654 "
N23_203," 380,073 "
N23_204," 127,792 "
N23_205," 117,884 "
N23_206," 308,681 "
N23_207," 184,661 "
N23_208," 60,942 "
N23_209," 72,458 "
N23_210," 153,834 "
N23_211," 422,330 "
N23_212," 187,990 "
N23_213," 169,046 "
N23_214," 79,538 "
N23_215," 73,090 "
N23_216," 58,710 "
N23_217," 98,255 "
N23_219," 148,831 "
N23_220," 134,751 "
N23_221," 44,355 "
N23_222," 113,787 "
N23_223," 93,123 "
N23_224," 84,364 "
N23_225," 72,193 "
N23_226," 83,144 "
N23_227," 46,106 "
N23_228," 47,983 "
N23_229," 69,295 "
N23_230," 91,520 "
N23_231," 59,360 "
N23_232," 60,829 "
N23_233," 67,352 "
N23_234," 86,385 "
N23_235," 43,025 "
N23_236," 61,952 "
N23_237," 86,126 "
N23_238," 60,162 "
N23_302," 43,903 "
N23_342," 15,613 "
N23_361," 24,305 "
N23_362," 34,133 "
N23_424," 32,399 "
N23_425," 37,338 "
N23_427," 4,575 "
N23_441," 28,383 "
N23_442," 49,596 "
N23_445," 16,617 "
N23_446," 22,496 "
N23_447," 43,535 "
N23_501," 42,449 "
N23_561," 4,437 "
N23_562," 2,942 "
N23_563," 1,017 "
N24_000," 1,770,254 "
N24_201," 274,537 "
N24_202," 305,424 "
N24_203," 122,765 "
N24_204," 159,145 "
N24_205," 138,613 "
N24_207," 195,670 "
N24_208," 76,387 "
N24_209," 16,252 "
N24_210," 49,835 "
N24_211," 17,525 "
N24_212," 15,965 "
N24_214," 44,973 "
N24_215," 46,057 "
N24_216," 88,766 "
N24_303," 6,023 "
N24_324," 25,784 "
N24_341," 40,559 "
N24_343," 11,021 "
N24_344," 15,123 "
N24_441," 14,021 "
N24_442," 22,445 "
N24_443," 8,668 "
N24_461," 15,041 "
N24_470," 7,847 "
N24_471," 7,815 "
N24_472," 10,989 "
N24_543," 14,604 "
N24_561," 8,079 "
N24_562," 10,321 "
N25_000," 1,413,610 "
N25_201," 345,070 "
N25_202," 113,647 "
N25_203," 113,636 "
N25_204," 81,122 "
N25_206," 143,913 "
N25_207," 83,236 "
N25_208," 68,820 "
N25_209," 88,358 "
N25_210," 50,513 "
N25_211," 54,460 "
N25_212," 46,377 "
N25_213," 112,819 "
N25_214," 37,225 "
N25_383," 20,964 "
N25_384," 11,789 "
N25_425," 20,893 "
N25_441," 7,132 "
N25_442," 6,362 "
N25_443," 7,274 "
N26_000," 2,578,087 "
N26_100," 1,463,723 "
N26_101," 117,165 "
N26_102," 83,832 "
N26_103," 166,039 "
N26_104," 110,488 "
N26_105," 36,602 "
N26_106," 82,784 "
N26_107," 101,970 "
N26_108," 202,047 "
N26_109," 277,858 "
N26_110," 135,101 "
N26_111," 149,837 "
N26_201," 77,306 "
N26_202," 80,336 "
N26_203," 31,846 "
N26_204," 179,630 "
N26_205," 16,758 "
N26_206," 86,174 "
N26_207," 74,607 "
N26_208," 56,859 "
N26_209," 80,608 "
N26_210," 70,433 "
N26_211," 73,753 "
N26_212," 50,860 "
N26_213," 31,629 "
N26_214," 77,907 "
N26_303," 15,953 "
N26_322," 15,250 "
N26_343," 7,406 "
N26_344," 8,911 "
N26_364," 1,144 "
N26_365," 3,478 "
N26_366," 36,198 "
N26_367," 2,391 "
N26_407," 12,907 "
N26_463," 1,928 "
N26_465," 20,092 "
N27_000," 8,837,685 "
N27_100," 2,752,412 "
N27_102," 107,904 "
N27_103," 79,328 "
N27_104," 65,251 "
N27_106," 105,862 "
N27_107," 80,948 "
N27_108," 62,083 "
N27_109," 82,148 "
N27_111," 75,504 "
N27_113," 95,864 "
N27_114," 177,120 "
N27_115," 84,906 "
N27_116," 127,309 "
N27_117," 89,670 "
N27_118," 169,043 "
N27_119," 110,995 "
N27_120," 153,056 "
N27_121," 127,849 "
N27_122," 106,111 "
N27_123," 183,444 "
N27_124," 112,691 "
N27_125," 120,072 "
N27_126," 192,152 "
N27_127," 139,376 "
N27_128," 103,726 "
N27_140," 826,161 "
N27_141," 148,682 "
N27_142," 121,236 "
N27_143," 85,043 "
N27_144," 135,375 "
N27_145," 138,464 "
N27_146," 159,757 "
N27_147," 37,604 "
N27_202," 190,658 "
N27_203," 401,558 "
N27_204," 104,993 "
N27_205," 385,567 "
N27_206," 74,412 "
N27_207," 352,698 "
N27_208," 84,443 "
N27_209," 143,096 "
N27_210," 397,289 "
N27_211," 287,730 "
N27_212," 264,642 "
N27_213," 100,131 "
N27_214," 108,699 "
N27_215," 229,733 "
N27_216," 101,692 "
N27_217," 117,641 "
N27_218," 119,367 "
N27_219," 184,495 "
N27_220," 136,868 "
N27_221," 68,775 "
N27_222," 108,736 "
N27_223," 119,764 "
N27_224," 87,456 "
N27_225," 55,635 "
N27_226," 63,688 "
N27_227," 493,940 "
N27_228," 60,102 "
N27_229," 55,177 "
N27_230," 75,033 "
N27_231," 58,435 "
N27_232," 51,254 "
N27_301," 30,927 "
N27_321," 18,279 "
N27_322," 9,079 "
N27_341," 16,567 "
N27_361," 43,763 "
N27_362," 8,434 "
N27_366," 14,741 "
N27_381," 13,009 "
N27_382," 15,697 "
N27_383," 4,909 "
N28_000," 5,465,002 "
N28_100," 1,525,152 "
N28_101," 213,562 "
N28_102," 136,747 "
N28_105," 109,144 "
N28_106," 94,791 "
N28_107," 158,719 "
N28_108," 215,302 "
N28_109," 210,492 "
N28_110," 147,518 "
N28_111," 238,877 "
N28_201," 530,495 "
N28_202," 459,593 "
N28_203," 303,601 "
N28_204," 485,587 "
N28_205," 41,236 "
N28_206," 93,922 "
N28_207," 198,138 "
N28_208," 28,355 "
N28_209," 77,489 "
N28_210," 260,878 "
N28_212," 45,892 "
N28_213," 38,673 "
N28_214," 226,432 "
N28_215," 75,294 "
N28_216," 87,722 "
N28_217," 152,321 "
N28_218," 47,562 "
N28_219," 109,238 "
N28_220," 42,700 "
N28_221," 39,611 "
N28_222," 22,129 "
N28_223," 61,471 "
N28_224," 44,137 "
N28_225," 28,989 "
N28_226," 41,967 "
N28_227," 34,819 "
N28_228," 40,645 "
N28_229," 74,316 "
N28_301," 29,680 "
N28_365," 19,261 "
N28_381," 30,268 "
N28_382," 33,604 "
N28_442," 11,231 "
N28_443," 19,377 "
N28_446," 10,616 "
N28_464," 33,477 "
N28_481," 13,879 "
N28_501," 15,863 "
N28_585," 16,064 "
N28_586," 13,318 "
N29_000," 1,324,473 "
N29_201," 354,630 "
N29_202," 61,744 "
N29_203," 83,285 "
N29_204," 63,889 "
N29_205," 120,922 "
N29_206," 54,857 "
N29_207," 27,927 "
N29_208," 24,096 "
N29_209," 116,675 "
N29_210," 78,113 "
N29_211," 36,832 "
N29_212," 28,121 "
N29_322," 3,226 "
N29_342," 18,009 "
N29_343," 23,219 "
N29_344," 27,587 "
N29_345," 7,225 "
N29_361," 8,167 "
N29_362," 6,439 "
N29_363," 31,177 "
N29_385," 1,295 "
N29_386," 1,479 "
N29_401," 6,729 "
N29_402," 5,179 "
N29_424," 21,714 "
N29_425," 24,043 "
N29_426," 33,810 "
N29_427," 17,018 "
N29_441," 6,229 "
N29_442," 16,728 "
N29_443," 5,037 "
N29_444, 623 
N29_446," 1,176 "
N29_447, 357 
N29_449," 3,061 "
N29_450, 753 
N29_451, 444 
N29_452," 1,156 "
N29_453," 1,502 "
N30_000," 922,584 "
N30_201," 356,729 "
N30_202," 48,369 "
N30_203," 60,818 "
N30_204," 26,538 "
N30_205," 23,481 "
N30_206," 69,870 "
N30_207," 27,171 "
N30_208," 58,816 "
N30_209," 53,967 "
N30_304," 8,256 "
N30_341," 15,967 "
N30_343," 3,856 "
N30_344," 2,970 "
N30_361," 11,122 "
N30_362," 6,781 "
N30_366," 25,258 "
N30_381," 6,867 "
N30_382," 7,673 "
N30_383," 5,364 "
N30_390," 7,720 "
N30_391," 11,818 "
N30_392," 9,219 "
N30_401," 20,262 "
N30_404," 15,236 "
N30_406," 3,685 "
N30_421," 14,137 "
N30_422," 2,791 "
N30_424," 2,480 "
N30_427, 404 
N30_428," 14,959 "
N31_000," 553,407 "
N31_201," 188,465 "
N31_202," 147,317 "
N31_203," 46,485 "
N31_204," 32,740 "
N31_302," 10,799 "
N31_325," 2,864 "
N31_328," 6,427 "
N31_329," 15,937 "
N31_364," 6,060 "
N31_370," 16,055 "
N31_371," 16,365 "
N31_372," 14,228 "
N31_384," 3,501 "
N31_386," 15,370 "
N31_389," 10,323 "
N31_390," 10,696 "
N31_401," 4,196 "
N31_402," 2,907 "
N31_403," 2,672 "
N32_000," 671,126 "
N32_201," 203,616 "
N32_202," 54,592 "
N32_203," 172,775 "
N32_204," 45,003 "
N32_205," 32,846 "
N32_206," 37,062 "
N32_207," 22,959 "
N32_209," 36,007 "
N32_343," 11,849 "
N32_386," 4,577 "
N32_441," 3,248 "
N32_448," 4,355 "
N32_449," 10,163 "
N32_501," 6,875 "
N32_505," 6,077 "
N32_525," 2,267 "
N32_526," 2,788 "
N32_527, 634 
N32_528," 13,433 "
N33_000," 1,888,432 "
N33_100," 724,691 "
N33_101," 314,523 "
N33_102," 149,232 "
N33_103," 93,108 "
N33_104," 167,828 "
N33_202," 474,592 "
N33_203," 99,937 "
N33_204," 56,531 "
N33_205," 46,088 "
N33_207," 38,384 "
N33_208," 69,030 "
N33_209," 29,072 "
N33_210," 28,079 "
N33_211," 32,320 "
N33_212," 36,048 "
N33_213," 42,661 "
N33_214," 42,725 "
N33_215," 25,939 "
N33_216," 32,772 "
N33_346," 13,623 "
N33_423," 12,368 "
N33_445," 10,950 "
N33_461," 13,414 "
N33_586, 813 
N33_606," 12,062 "
N33_622," 10,888 "
N33_623," 5,578 "
N33_643," 1,398 "
N33_663," 4,530 "
N33_666," 13,053 "
N33_681," 10,886 "
N34_000," 2,799,702 "
N34_100," 1,200,754 "
N34_101," 142,699 "
N34_102," 119,353 "
N34_103," 145,805 "
N34_104," 190,232 "
N34_105," 247,020 "
N34_106," 138,979 "
N34_107," 77,103 "
N34_108," 139,563 "
N34_202," 214,592 "
N34_203," 23,993 "
N34_204," 90,573 "
N34_205," 131,170 "
N34_207," 460,930 "
N34_208," 37,655 "
N34_209," 50,681 "
N34_210," 33,633 "
N34_211," 26,319 "
N34_212," 196,608 "
N34_213," 114,173 "
N34_214," 26,448 "
N34_215," 21,930 "
N34_302," 51,155 "
N34_304," 29,636 "
N34_307," 22,834 "
N34_309," 12,582 "
N34_368," 5,740 "
N34_369," 17,763 "
N34_431," 7,158 "
N34_462," 15,125 "
N34_545," 8,250 "
N35_000," 1,342,059 "
N35_201," 255,051 "
N35_202," 162,570 "
N35_203," 193,966 "
N35_204," 44,626 "
N35_206," 113,979 "
N35_207," 55,887 "
N35_208," 129,125 "
N35_210," 49,798 "
N35_211," 32,519 "
N35_212," 30,799 "
N35_213," 23,247 "
N35_215," 137,540 "
N35_216," 60,326 "
N35_305," 14,798 "
N35_321," 6,034 "
N35_341," 2,342 "
N35_343," 14,483 "
N35_344," 11,914 "
N35_502," 3,055 "
N36_000," 719,559 "
N36_201," 252,391 "
N36_202," 54,622 "
N36_203," 36,149 "
N36_204," 69,470 "
N36_205," 38,772 "
N36_206," 34,713 "
N36_207," 28,055 "
N36_208," 23,605 "
N36_301," 4,837 "
N36_302," 1,380 "
N36_321," 2,058 "
N36_341," 24,833 "
N36_342," 4,647 "
N36_368," 7,367 "
N36_383," 3,743 "
N36_387," 6,222 "
N36_388," 8,358 "
N36_401," 14,583 "
N36_402," 22,745 "
N36_403," 35,246 "
N36_404," 13,042 "
N36_405," 11,384 "
N36_468," 7,715 "
N36_489," 13,622 "
N37_000," 950,244 "
N37_201," 417,496 "
N37_202," 109,513 "
N37_203," 50,624 "
N37_204," 31,631 "
N37_205," 57,438 "
N37_206," 47,003 "
N37_207," 28,279 "
N37_208," 61,857 "
N37_322," 12,846 "
N37_324," 13,870 "
N37_341," 26,878 "
N37_364," 3,103 "
N37_386," 18,699 "
N37_387," 22,693 "
N37_403," 8,468 "
N37_404," 22,445 "
N37_406," 17,401 "
N38_000," 1,334,841 "
N38_201," 511,192 "
N38_202," 151,672 "
N38_203," 70,809 "
N38_204," 31,987 "
N38_205," 115,938 "
N38_206," 104,791 "
N38_207," 40,575 "
N38_210," 35,133 "
N38_213," 82,754 "
N38_214," 35,388 "
N38_215," 33,903 "
N38_356," 6,509 "
N38_386," 7,404 "
N38_401," 29,630 "
N38_402," 20,480 "
N38_422," 15,322 "
N38_442," 8,397 "
N38_484," 3,674 "
N38_488," 9,682 "
N38_506," 19,601 "
N39_000," 691,527 "
N39_201," 326,545 "
N39_202," 11,742 "
N39_203," 16,243 "
N39_204," 46,664 "
N39_205," 25,732 "
N39_206," 20,590 "
N39_208," 19,033 "
N39_209," 12,388 "
N39_210," 32,694 "
N39_211," 32,207 "
N39_212," 26,513 "
N39_301," 2,194 "
N39_302," 3,034 "
N39_303," 2,498 "
N39_304," 2,370 "
N39_305," 1,146 "
N39_306, 745 
N39_307," 3,694 "
N39_341," 3,261 "
N39_344," 3,252 "
N39_363," 3,753 "
N39_364, 366 
N39_386," 21,374 "
N39_387," 4,827 "
N39_401," 6,002 "
N39_402," 12,323 "
N39_403," 5,187 "
N39_405," 3,307 "
N39_410," 4,812 "
N39_411," 5,291 "
N39_412," 15,607 "
N39_424," 4,434 "
N39_427," 1,437 "
N39_428," 10,262 "
N40_000," 5,135,214 "
N40_100," 939,029 "
N40_101," 93,842 "
N40_103," 80,533 "
N40_105," 57,494 "
N40_106," 183,407 "
N40_107," 209,028 "
N40_108," 64,792 "
N40_109," 249,933 "
N40_130," 1,612,392 "
N40_131," 322,503 "
N40_132," 252,034 "
N40_133," 205,501 "
N40_134," 265,583 "
N40_135," 212,579 "
N40_136," 132,864 "
N40_137," 221,328 "
N40_202," 111,281 "
N40_203," 303,316 "
N40_204," 56,212 "
N40_205," 126,364 "
N40_206," 46,203 "
N40_207," 64,475 "
N40_210," 60,608 "
N40_211," 48,827 "
N40_212," 32,988 "
N40_213," 71,426 "
N40_214," 24,391 "
N40_215," 40,362 "
N40_216," 59,360 "
N40_217," 103,311 "
N40_218," 111,023 "
N40_219," 102,085 "
N40_220," 97,095 "
N40_221," 73,164 "
N40_223," 58,786 "
N40_224," 67,033 "
N40_225," 27,981 "
N40_226," 26,298 "
N40_227," 35,473 "
N40_228," 50,273 "
N40_229," 35,861 "
N40_230," 98,877 "
N40_231," 50,112 "
N40_341," 37,671 "
N40_342," 31,209 "
N40_343," 46,377 "
N40_344," 28,628 "
N40_345," 32,927 "
N40_348," 9,068 "
N40_349," 48,190 "
N40_381," 13,545 "
N40_382," 28,114 "
N40_383," 31,007 "
N40_384," 18,723 "
N40_401," 7,151 "
N40_402," 15,080 "
N40_421," 12,878 "
N40_447," 29,591 "
N40_448," 1,899 "
N40_503," 15,521 "
N40_522," 13,820 "
N40_544," 19,969 "
N40_601," 10,191 "
N40_602," 8,801 "
N40_604," 8,407 "
N40_605," 15,176 "
N40_608," 5,008 "
N40_609," 2,774 "
N40_610," 21,398 "
N40_621," 37,684 "
N40_625," 18,825 "
N40_642," 6,536 "
N40_646," 7,251 "
N40_647," 17,189 "
N41_000," 811,442 "
N41_201," 233,301 "
N41_202," 117,373 "
N41_203," 74,196 "
N41_204," 18,295 "
N41_205," 52,629 "
N41_206," 47,914 "
N41_207," 27,892 "
N41_208," 43,952 "
N41_209," 25,848 "
N41_210," 31,022 "
N41_327," 16,323 "
N41_341," 17,250 "
N41_345," 9,286 "
N41_346," 25,511 "
N41_387," 5,609 "
N41_401," 19,010 "
N41_423," 6,293 "
N41_424," 9,566 "
N41_425," 22,051 "
N41_441," 8,121 "
N42_000," 1,312,317 "
N42_201," 409,118 "
N42_202," 243,223 "
N42_203," 43,338 "
N42_204," 133,852 "
N42_205," 95,397 "
N42_207," 29,365 "
N42_208," 21,271 "
N42_209," 28,502 "
N42_210," 24,948 "
N42_211," 34,391 "
N42_212," 26,275 "
N42_213," 41,096 "
N42_214," 42,330 "
N42_307," 40,780 "
N42_308," 29,339 "
N42_321," 7,721 "
N42_322," 13,377 "
N42_323," 14,291 "
N42_383," 2,288 "
N42_391," 13,912 "
N42_411," 17,503 "
N43_000," 1,738,301 "
N43_100," 738,865 "
N43_101," 187,502 "
N43_102," 189,524 "
N43_103," 91,177 "
N43_104," 130,829 "
N43_105," 139,833 "
N43_202," 123,067 "
N43_203," 31,108 "
N43_204," 50,832 "
N43_205," 23,557 "
N43_206," 64,292 "
N43_208," 49,025 "
N43_210," 46,416 "
N43_211," 36,122 "
N43_212," 24,563 "
N43_213," 57,032 "
N43_214," 24,930 "
N43_215," 75,783 "
N43_216," 61,772 "
N43_348," 9,392 "
N43_364," 5,045 "
N43_367," 8,979 "
N43_368," 15,372 "
N43_369," 9,342 "
N43_403," 35,187 "
N43_404," 43,337 "
N43_423," 3,750 "
N43_424," 6,590 "
N43_425," 1,382 "
N43_428," 5,789 "
N43_432," 6,426 "
N43_433," 9,836 "
N43_441," 16,303 "
N43_442," 9,547 "
N43_443," 32,510 "
N43_444," 10,132 "
N43_447," 13,503 "
N43_468," 11,094 "
N43_482," 15,681 "
N43_484," 4,254 "
N43_501," 10,288 "
N43_505," 9,076 "
N43_506," 3,627 "
N43_507," 2,033 "
N43_510," 4,070 "
N43_511, 931 
N43_512," 3,238 "
N43_513," 2,433 "
N43_514," 14,676 "
N43_531," 7,114 "
N44_000," 1,123,852 "
N44_201," 475,614 "
N44_202," 115,321 "
N44_203," 82,863 "
N44_204," 62,657 "
N44_205," 66,851 "
N44_206," 36,158 "
N44_207," 16,100 "
N44_208," 20,332 "
N44_209," 22,112 "
N44_210," 27,999 "
N44_211," 52,771 "
N44_212," 33,695 "
N44_213," 32,772 "
N44_214," 26,232 "
N44_322," 1,725 "
N44_341," 27,723 "
N44_461," 8,541 "
N44_462," 14,386 "
N45_000," 1,069,576 "
N45_201," 401,339 "
N45_202," 160,640 "
N45_203," 118,394 "
N45_204," 50,848 "
N45_205," 43,670 "
N45_206," 59,629 "
N45_207," 16,822 "
N45_208," 28,610 "
N45_209," 17,638 "
N45_341," 25,591 "
N45_361," 8,639 "
N45_382," 18,398 "
N45_383," 6,934 "
N45_401," 19,922 "
N45_402," 16,564 "
N45_403," 1,000 "
N45_404," 4,895 "
N45_405," 15,194 "
N45_406," 9,906 "
N45_421," 17,379 "
N45_429," 1,486 "
N45_430," 2,503 "
N45_431," 4,826 "
N45_441," 11,642 "
N45_442," 3,635 "
N45_443," 3,472 "
N46_000," 1,588,256 "
N46_201," 593,128 "
N46_203," 101,096 "
N46_204," 20,033 "
N46_206," 19,270 "
N46_208," 51,994 "
N46_210," 39,011 "
N46_213," 14,708 "
N46_214," 13,819 "
N46_215," 92,403 "
N46_216," 47,153 "
N46_217," 33,310 "
N46_218," 123,135 "
N46_219," 27,490 "
N46_220," 32,887 "
N46_221," 29,329 "
N46_222," 41,390 "
N46_223," 33,080 "
N46_224," 24,453 "
N46_225," 76,348 "
N46_303, 405 
N46_304, 740 
N46_392," 20,243 "
N46_404," 9,705 "
N46_452," 9,119 "
N46_468," 12,385 "
N46_482," 6,237 "
N46_490," 6,944 "
N46_491," 6,481 "
N46_492," 14,227 "
N46_501," 7,539 "
N46_502," 5,445 "
N46_505," 11,858 "
N46_523," 1,364 "
N46_524," 1,621 "
N46_525," 8,546 "
N46_527," 5,817 "
N46_529," 6,629 "
N46_530," 10,147 "
N46_531," 5,517 "
N46_532," 6,139 "
N46_533," 6,246 "
N46_534," 5,750 "
N46_535," 5,115 "
N47_000," 1,467,480 "
N47_201," 317,625 "
N47_205," 100,125 "
N47_207," 47,637 "
N47_208," 115,690 "
N47_209," 63,554 "
N47_210," 61,007 "
N47_211," 142,752 "
N47_212," 64,612 "
N47_213," 125,303 "
N47_214," 52,931 "
N47_215," 44,043 "
N47_301," 4,517 "
N47_302," 3,092 "
N47_303," 1,598 "
N47_306," 8,894 "
N47_308," 12,530 "
N47_311," 10,869 "
N47_313," 5,833 "
N47_314," 10,806 "
N47_315," 4,118 "
N47_324," 41,206 "
N47_325," 13,521 "
N47_326," 28,201 "
N47_327," 17,969 "
N47_328," 22,157 "
N47_329," 34,984 "
N47_348," 19,695 "
N47_350," 40,440 "
N47_353, 718 
N47_354, 892 
N47_355, 683 
N47_356, 346 
N47_357," 1,285 "
N47_358, 590 
N47_359," 1,126 "
N47_360," 1,322 "
N47_361," 7,192 "
N47_362," 30,941 "
N47_375," 1,058 "
N47_381," 3,942 "
N47_382," 1,676 "